-- Generated with Mockaroo and ChatGPT

USE competition;

-- User
insert into user (userID, name, location, gender, email, age) values
(1, 'Jamima Colbourn', 'Alabama', 'F', 'jcolbourn0@miibeian.gov.cn', 37),
(2, 'Jonathon Westmancoat', 'Washington', 'M', 'jwestmancoat1@bbc.co.uk', 81),
(3, 'Theadora Duckit', 'Ohio', 'F', 'tduckit2@trellian.com', 20),
(4, 'Berkeley Pears', 'Iowa', 'M', 'bpears3@amazonaws.com', 61),
(5, 'Chic Wasbrough', 'Indiana', 'M', 'cwasbrough4@ustream.tv', 74),
(6, 'Bradan Edgeworth', 'Florida', 'M', 'bedgeworth5@infoseek.co.jp', 15),
(7, 'Rose Maliphant', 'Georgia', 'F', 'rmaliphant6@un.org', 36),
(8, 'Leroy Simmons', 'Alabama', 'M', 'lsimmons7@alibaba.com', 80),
(9, 'Missie Deverill', 'Connecticut', 'F', 'mdeverill8@etsy.com', 47),
(10, 'Lorry Mansour', 'Texas', 'F', 'lmansour9@tinyurl.com', 71),
(11, 'Vicki de Glanville', 'Texas', 'F', 'vdea@wikimedia.org', 59),
(12, 'Gale Tewnion', 'Texas', 'M', 'gtewnionb@pen.io', 54),
(13, 'Kathi Gimenez', 'Minnesota', 'F', 'kgimenezc@nymag.com', 50),
(14, 'Merrill Heed', 'California', 'M', 'mheedd@sun.com', 43),
(15, 'Lucita Coomes', 'South Dakota', 'F', 'lcoomese@arizona.edu', 63),
(16, 'Hubert Seiffert', 'Minnesota', 'M', 'hseiffertf@reddit.com', 23),
(17, 'Vannie Davydzenko', 'Texas', 'X', 'vdavydzenkog@sitemeter.com', 52),
(18, 'Billy Mudie', 'Oklahoma', 'F', 'bmudieh@timesonline.co.uk', 56),
(19, 'Portia Vallack', 'District of Columbia', 'F', 'pvallacki@ning.com', 67),
(20, 'Vanya Franken', 'California', 'F', 'vfrankenj@auda.org.au', 53),
(21, 'Jefferson Vaugham', 'Florida', 'M', 'jvaughamk@abc.net.au', 10),
(22, 'Garv Levinge', 'Florida', 'M', 'glevingel@tinypic.com', 17),
(23, 'Kit Leach', 'Georgia', 'M', 'kleachm@twitpic.com', 48),
(24, 'Frazier Blandamere', 'Texas', 'M', 'fblandameren@fc2.com', 36),
(25, 'Genia Fem', 'Arkansas', 'F', 'Mhamo@ted.com', 70),
(26, 'Teddy Apark', 'Indiana', 'M', 'taparkp@businesswire.com', 57),
(27, 'Kathryne Horning', 'Georgia', 'F', 'khorningq@themeforest.net', 15),
(28, 'Innis Sudy', 'New York', 'M', 'isudyr@slashdot.org', 90),
(29, 'Kev Olley', 'Oregon', 'M', 'kolleys@washingtonpost.com', 12),
(30, 'Lynnea Tireman', 'Massachusetts', 'F', 'ltiremant@gov.uk', 18),
(31, 'Marnie Grinston', 'Florida', 'X', 'mgrinstonu@nature.com', 84),
(32, 'Jolene Kenealy', 'Texas', 'F', 'jkenealyv@blinklist.com', 62),
(33, 'Kaylyn Volant', 'Arizona', 'F', 'kvolantw@digg.com', 31),
(34, 'Jeffie Scutching', 'Connecticut', 'M', 'jscutchingx@loc.gov', 47),
(35, 'Corella Dabbes', 'South Dakota', 'F', 'cdabbesy@nih.gov', 40),
(36, 'Malina Grocott', 'Arizona', 'F', 'mgrocottz@webeden.co.uk', 66),
(37, 'Kirbee Fivey', 'Pennsylvania', 'F', 'kfivey10@photobucket.com', 20),
(38, 'Krishna Row', 'Minnesota', 'M', 'krow11@blogs.com', 17),
(39, 'Ahmad Deluce', 'Virginia', 'M', 'adeluce12@ow.ly', 42),
(40, 'Fulton Hindge', 'New Hampshire', 'M', 'fhindge13@hp.com', 63),
(41, 'Barnabas Covolini', 'Massachusetts', 'X', 'bcovolini14@people.com.cn', 45),
(42, 'Ogdon Strachan', 'Texas', 'M', 'ostrachan15@godaddy.com', 64),
(43, 'Sharia Parzizek', 'New York', 'F', 'sparzizek16@taobao.com', 21),
(44, 'Adora Lembrick', 'Massachusetts', 'F', 'alembrick17@imgur.com', 57),
(45, 'Granville Elderidge', 'Ohio', 'M', 'gelderidge18@tripadvisor.com', 86),
(46, 'Arty Marston', 'North Carolina', 'M', 'amarston19@ucla.edu', 22),
(47, 'Lesly Bransgrove', 'Virginia', 'F', 'lbransgrove1a@aol.com', 23),
(48, 'Melisenda Reed', 'Ohio', 'X', 'mreed1b@booking.com', 21),
(49, 'Gideon Shuttell', 'Michigan', 'M', 'gshuttell1c@zimbio.com', 77),
(50, 'Pattie Conew', 'South Carolina', 'M', 'pconew1d@wordpress.org', 80),
(51, 'Deerdre Lammas', 'Texas', 'F', 'dlammas1e@mlb.com', 13),
(52, 'Pearla Cusiter', 'Missouri', 'F', 'pcusiter1f@cmu.edu', 51),
(53, 'Abie Dawid', 'Tennessee', 'M', 'adawid1g@xing.com', 47),
(54, 'Jud Roe', 'Pennsylvania', 'M', 'jroe1h@illinois.edu', 81),
(55, 'Ashley Enefer', 'Texas', 'F', 'aenefer1i@netvibes.com', 66),
(56, 'Analiese Bathoe', 'Pennsylvania', 'F', 'abathoe1j@gravatar.com', 15),
(57, 'Odille Truter', 'Hawaii', 'F', 'otruter1k@shop-pro.jp', 20),
(58, 'Ginevra Picot', 'Maryland', 'F', 'gpicot1l@uiuc.edu', 46),
(59, 'Benyamin Pavek', 'Texas', 'M', 'bpavek1m@dot.gov', 58),
(60, 'Jaye Jovicevic', 'Tennessee', 'M', 'jjovicevic1n@liveinternet.ru', 55),
(61, 'Emmett Laban', 'Florida', 'M', 'elaban1o@altervista.org', 57),
(62, 'Pippa Starmore', 'Tennessee', 'F', 'pstarmore1p@answers.com', 53),
(63, 'Granger Palfreman', 'Texas', 'X', 'gpalfreman1q@1und1.de', 37),
(64, 'Lia Prendergrass', 'Nevada', 'F', 'lprendergrass1r@networksolutions.com', 72),
(65, 'Ursala O''Longain', 'California', 'F', 'uolongain1s@nih.gov', 22),
(66, 'Baudoin Sehorsch', 'Oklahoma', 'M', 'bsehorsch1t@intel.com', 19),
(67, 'Ancell Fitzsymonds', 'Texas', 'M', 'afitzsymonds1u@usda.gov', 25),
(68, 'Rodge Polleye', 'California', 'M', 'rpolleye1v@issuu.com', 55),
(69, 'Christin Rogerson', 'Texas', 'F', 'crogerson1w@opensource.org', 41),
(70, 'Mei Caunter', 'Illinois', 'F', 'mcaunter1x@geocities.com', 48),
(71, 'Rae MacCostye', 'Illinois', 'F', 'rmaccostye1y@opera.com', 73),
(72, 'Geneva Rogister', 'Texas', 'F', 'grogister1z@deviantart.com', 41),
(73, 'Terra Perillio', 'Tennessee', 'X', 'tperillio20@usnews.com', 31),
(74, 'Hulda Elsmore', 'Indiana', 'F', 'helsmore21@oaic.gov.au', 22),
(75, 'Beverlee Colbron', 'California', 'F', 'bcolbron22@google.fr', 15),
(76, 'Etta Stogill', 'Illinois', 'F', 'estogill23@instagram.com', 35),
(77, 'Monty Paradise', 'Tennessee', 'M', 'mparadise24@businessweek.com', 48),
(78, 'Merrill Jewer', 'New Jersey', 'F', 'mjewer25@xing.com', 54),
(79, 'Lou Parades', 'Washington', 'M', 'lparades26@multiply.com', 75),
(80, 'Saraann Quennell', 'South Carolina', 'X', 'squennell27@cocolog-nifty.com', 80),
(81, 'Ronna Allabush', 'Texas', 'F', 'rallabush28@vistaprint.com', 64),
(82, 'Darb Euston', 'Florida', 'M', 'deuston29@angelfire.com', 54),
(83, 'Sher Burnet', 'Florida', 'F', 'sburnet2a@bing.com', 64),
(84, 'Poppy Fernier', 'Mississippi', 'F', 'pfernier2b@4shared.com', 27),
(85, 'Yves Feaveryear', 'Connecticut', 'M', 'yfeaveryear2c@dyndns.org', 72),
(86, 'Simmonds Kupisz', 'New York', 'M', 'skupisz2d@ning.com', 10),
(87, 'Barbabra Capon', 'California', 'F', 'bcapon2e@wikipedia.org', 22),
(88, 'Evey Shewsmith', 'New Jersey', 'F', 'eshewsmith2f@mapy.cz', 43),
(89, 'Danice Betteridge', 'Georgia', 'F', 'dbetteridge2g@moonfruit.com', 31),
(90, 'Gradeigh Hackwell', 'California', 'M', 'ghackwell2h@eepurl.com', 23),
(91, 'Cathie Stocks', 'Louisiana', 'X', 'cstocks2i@mashable.com', 33),
(92, 'Viviyan Pedder', 'Virginia', 'X', 'vpedder2j@narod.ru', 36),
(93, 'Che Jorat', 'New Mexico', 'X', 'cjorat2k@trellian.com', 66),
(94, 'Tarah Poynser', 'Virginia', 'F', 'tpoynser2l@va.gov', 31),
(95, 'Dick Karpfen', 'Arkansas', 'M', 'dkarpfen2m@statcounter.com', 26),
(96, 'Wernher Arch', 'Michigan', 'M', 'warch2n@mozilla.org', 28),
(97, 'Morissa Laundon', 'Montana', 'F', 'mlaundon2o@mit.edu', 76),
(98, 'Flo Janney', 'Texas', 'F', 'fjanney2p@hc360.com', 44),
(99, 'Teriann Mucklestone', 'Louisiana', 'F', 'tmucklestone2q@about.me', 80),
(100, 'Odella Brogini', 'Texas', 'F', 'obrogini2r@rakuten.co.jp', 21);

-- Team Manager
INSERT INTO team_manager (teamManagerID) VALUES (1), (2), (11), (12), (21), (22),
                                                (31), (32), (41), (42), (51), (52);

-- Player
INSERT INTO player (playerID) VALUES (1), (2), (3), (4), (6), (7),
                                     (8), (10), (11), (12), (13), (15),
                                     (17), (18), (19), (20), (21), (23),
                                     (24), (25), (26), (28), (29), (30),
                                     (31), (32), (34), (35), (36), (37),
                                     (38), (40), (41), (42), (44), (45),
                                     (46), (47), (48), (50), (51), (52),
                                     (53), (54), (55), (57), (58), (59),
                                     (60), (61), (63), (64), (65), (66),
                                     (67), (69), (70), (71), (72), (73),
                                     (75), (76), (77), (78), (79), (81),
                                     (82), (83), (84), (85), (87), (88),
                                     (89), (90), (91), (93), (94), (95);

-- Venue Manager
INSERT INTO venue_manager (venueManagerID) VALUES (8), (90), (96), (97), (98), (99), (100);

-- Spectator
INSERT INTO spectator (spectatorID) VALUES (5), (6), (9), (15), (16), (19),
                                           (25), (26), (29), (35), (36), (39),
                                           (45), (46), (49), (55), (56), (59),
                                           (65), (66), (69), (75), (76), (79),
                                           (85), (86), (89), (95), (96), (99);

-- Tournament Organizer
INSERT INTO tournament_organizer (tournamentOrganizerID) VALUES (2), (10), (20), (50), (60);

-- Venue
INSERT INTO venue (venueID, size, name, hours, location, venueManager) VALUES
(1, 'Large', 'Stadium A', '9AM - 9PM', 'Location A', 8),
(2, 'Medium', 'Arena B', '10AM - 6PM', 'Location B', 8),
(3, 'Small', 'Gym C', '7AM - 8PM', 'Location C', 8),
(4, 'Large', 'Field D', '9AM - 9PM', 'Location D', 90),
(5, 'Medium', 'Court E', '8AM - 8PM', 'Location E', 90),
(6, 'Large', 'Stadium F', '10AM - 6PM', 'Location F', 96),
(7, 'Small', 'Arena G', '7AM - 7PM', 'Location G', 96),
(8, 'Medium', 'Hall H', '9AM - 9PM', 'Location H', 96),
(9, 'Large', 'Stadium I', '10AM - 10PM', 'Location I', 96),
(10, 'Small', 'Gym J', '8AM - 6PM', 'Location J', 96),
(11, 'Large', 'Arena K', '9AM - 9PM', 'Location K', 97),
(12, 'Medium', 'Stadium L', '10AM - 8PM', 'Location L', 97),
(13, 'Small', 'Field M', '7AM - 7PM', 'Location M', 97),
(14, 'Large', 'Court N', '9AM - 9PM', 'Location N', 98),
(15, 'Medium', 'Gym O', '8AM - 8PM', 'Location O', 98),
(16, 'Large', 'Stadium P', '10AM - 6PM', 'Location P', 99),
(17, 'Small', 'Arena Q', '9AM - 7PM', 'Location Q', 99),
(18, 'Medium', 'Court R', '7AM - 9PM', 'Location R', 99),
(19, 'Large', 'Field S', '10AM - 10PM', 'Location S', 99),
(20, 'Small', 'Gym T', '8AM - 8PM', 'Location T', 100);

-- Sport
INSERT INTO sport (sportID, name) VALUES
(1, 'Tennis'),
(2, 'Boxing'),
(3, 'Ping Pong'),
(4, 'Soccer'),
(5, 'Baseball'),
(6, 'Basketball'),
(7, 'Hockey'),
(8, 'Football');

-- Spectator Follows
INSERT INTO spectator_follows (spectator, sport) VALUES
(55, 4), (25, 6), (76, 1), (49, 1), (66, 7), (25, 1), (39, 6), (49, 3),
(6, 5), (79, 8), (85, 3), (56, 4), (19, 8), (65, 1), (15, 2),
(76, 6), (29, 3), (16, 3), (45, 2), (79, 6), (46, 8), (85, 5), (49, 5),
(5, 5), (69, 1), (66, 2), (89, 1), (16, 7), (89, 7), (59, 8), (16, 8),
(76, 2), (75, 4), (76, 5), (5, 8), (25, 5), (16, 5),
(69, 5), (99, 4), (29, 2), (6, 3), (99, 5), (9, 5), (85, 2), (19, 4),
(66, 1), (76, 3), (65, 8), (75, 7), (36, 7), (89, 4), (9, 6), (5, 4),
(15, 8), (96, 3), (35, 6), (55, 5), (99, 1), (19, 5),
(19, 3), (39, 4), (46, 5), (65, 4), (19, 1), (55, 1), (96, 4),
(26, 1), (35, 8), (16, 2), (69, 8), (36, 4),
(56, 5), (26, 7), (45, 8), (39, 7), (6, 1), (59, 1),
(79, 1), (25, 7), (95, 1), (39, 5), (35, 2),
(56, 6), (96, 1);

-- Tournament
INSERT INTO tournament (tournamentID, prize, name, location, organizer, sport) VALUES
(1, '10,000', 'Championship 1', 'City A', 2, 1),
(2, '5,000', 'Tournament B', 'City B', 2, 2),
(3, '7,000', 'Tournament C', 'City C', 2, 3),
(4, '15,000', 'Championship D', 'City D', 2, 4),
(5, '12,000', 'Cup E', 'City E', 2, 5),
(6, '10,000', 'League F', 'City F', 2, 6),
(7, '6,000', 'Cup G', 'City G', 10, 7),
(8, '8,000', 'League H', 'City H', 10, 8),
(9, '14,000', 'Tournament I', 'City I', 20, 1),
(10, '9,000', 'Cup J', 'City J', 20, 2),
(11, '11,000', 'League K', 'City K', 20, 3),
(12, '13,000', 'Tournament L', 'City L', 20, 4),
(13, '16,000', 'Championship M', 'City M', 20, 5),
(14, '18,000', 'Tournament N', 'City N', 20, 6),
(15, '10,000', 'Cup O', 'City O', 20, 7),
(16, '20,000', 'League P', 'City P', 20, 8),
(17, '22,000', 'Championship Q', 'City Q', 20, 1),
(18, '25,000', 'Tournament R', 'City R', 20, 2),
(19, '30,000', 'League S', 'City S', 20, 3),
(20, '35,000', 'Cup T', 'City T', 50, 4);

-- Team
INSERT INTO team (teamID, name, location, manager) VALUES
(1, 'Team A', 'California', 12),
(2, 'Team B', 'Texas', 51),
(3, 'Team C', 'Florida', 22),
(4, 'Team D', 'New York', 31),
(5, 'Team E', 'Illinois', 42),
(6, 'Team F', 'Ohio', 2),
(7, 'Team G', 'Georgia', 41),
(8, 'Team H', 'Michigan', 32),
(9, 'Team I', 'North Carolina', 12),
(10, 'Team J', 'Virginia', 21),
(11, 'Team K', 'Washington', 11),
(12, 'Team L', 'Arizona', 51),
(13, 'Team M', 'Tennessee', 42),
(14, 'Team N', 'Indiana', 2),
(15, 'Team O', 'Missouri', 31),
(16, 'Team P', 'Maryland', 32),
(17, 'Team Q', 'Wisconsin', 52),
(18, 'Team R', 'Colorado', 41),
(19, 'Team S', 'Minnesota', 22),
(20, 'Team T', 'South Carolina', 12);

-- Team Player
INSERT INTO team_player (teamID, playerID) VALUES
(12, 25), (8, 28), (18, 17), (1, 1), (18, 87), (4, 88), (20, 91),
(2, 37), (14, 58), (6, 10), (4, 41), (10, 61), (15, 88), (5, 44), (9, 73),
(5, 93), (2, 54), (20, 94), (11, 70), (5, 58), (7, 84), (7, 30), (7, 46),
(20, 46), (19, 15), (20, 72), (7, 2), (8, 3), (9, 94), (8, 21),
(20, 59), (15, 77), (4, 89), (5, 25), (19, 95), (3, 25), (18, 20),
(13, 47), (1, 10), (18, 34), (6, 17), (16, 46), (6, 29), (18, 24), (6, 26),
(3, 18), (16, 52), (4, 75), (10, 23), (8, 65), (4, 57), (15, 32),
(19, 48), (5, 76), (11, 47), (18, 90), (2, 66), (5, 7), (12, 55),
(6, 93), (5, 95), (16, 71), (12, 60), (19, 72), (17, 76), (5, 34), (4, 17),
(5, 51), (16, 2), (10, 87), (10, 76), (12, 58), (8, 93), (5, 2),
(17, 50), (15, 59), (11, 21), (1, 2), (3, 10), (5, 79), (19, 24), (13, 38),
(16, 37), (18, 76), (11, 23), (14, 78), (2, 17), (13, 41), (6, 48), (15, 75),
(20, 55), (12, 94), (2, 44), (20, 87), (20, 36), (15, 76), (5, 65),
(8, 89), (8, 87), (15, 51), (15, 8), (12, 40), (18, 57), (16, 55),
(17, 37), (19, 90), (1, 4), (5, 60), (1, 67), (3, 47), (13, 17), (10, 35);

-- Match
INSERT INTO match_gen (matchID, time, scoreAlpha, scoreBeta, venueID, tournamentID)
VALUES
(1, '2024-11-01 10:00', 2, 1, 1, 1),
(2, '2024-11-01 12:00', 3, 2, 2, 2),
(3, '2024-11-02 14:00', 1, 1, 3, 3),
(4, '2024-11-02 16:00', 4, 3, 4, 4),
(5, '2024-11-03 10:00', 0, 0, 5, 5),
(6, '2024-11-03 12:00', 2, 3, 6, 6),
(7, '2024-11-04 14:00', 1, 2, 7, 7),
(8, '2024-11-04 16:00', 3, 1, 8, 8),
(9, '2024-11-05 10:00', 4, 4, 9, 9),
(10, '2024-11-05 12:00', 5, 2, 10, 10),
(11, '2024-11-06 14:00', 1, 1, 11, 11),
(12, '2024-11-06 16:00', 3, 2, 12, 12),
(13, '2024-11-07 10:00', 0, 0, 13, 13),
(14, '2024-11-07 12:00', 2, 3, 14, 14),
(15, '2024-11-08 14:00', 4, 3, 15, 15),
(16, '2024-11-08 16:00', 1, 2, 16, 16),
(17, '2024-11-09 10:00', 3, 4, 17, 17),
(18, '2024-11-09 12:00', 0, 1, 18, 18),
(19, '2024-11-10 14:00', 5, 2, 19, 19),
(20, '2024-11-10 16:00', 4, 4, 20, 20),
(21, '2024-04-23 07:18:13', 1, 5, 6, 1),
(22, '2024-11-13 15:21:58', 4, 3, 7, 2),
(23, '2024-03-28 02:40:16', 1, 2, 15, 3),
(24, '2024-10-23 16:47:25', 6, 7, 9, 4),
(25, '2024-10-04 10:18:14', 9, 3, 4, 5),
(26, '2024-01-17 23:57:38', 4, 4, 7, 6),
(27, '2024-03-27 00:43:56', 5, 7, 8, 7),
(28, '2024-10-25 10:10:51', 9, 3, 19, 8),
(29, '2024-01-10 11:15:24', 4, 3, 18, 9),
(30, '2024-10-22 17:27:07', 0, 0, 6, 10),
(31, '2024-03-24 11:37:36', 7, 1, 2, 11),
(32, '2024-05-14 07:19:59', 5, 6, 18, 12),
(33, '2024-03-27 13:20:18', 3, 8, 11, 13),
(34, '2024-10-04 03:24:22', 3, 6, 8, 14),
(35, '2024-05-15 00:29:01', 6, 0, 17, 15),
(36, '2023-12-21 22:17:34', 5, 6, 19, 16),
(37, '2024-11-10 13:22:58', 7, 7, 11, 17),
(38, '2024-02-16 10:56:54', 1, 2, 6, 18),
(39, '2024-05-19 06:54:53', 5, 2, 14, 19),
(40, '2024-06-24 17:48:12', 1, 6, 16, 20),
(41, '2024-04-21 15:08:45', 2, 9, 13, 1),
(42, '2024-09-20 14:34:49', 2, 0, 11, 2),
(43, '2024-06-10 07:43:13', 6, 8, 12, 3),
(44, '2024-09-07 01:19:56', 3, 9, 11, 4),
(45, '2024-02-03 04:23:14', 6, 9, 12, 5),
(46, '2024-05-22 16:02:21', 5, 1, 11, 6),
(47, '2024-03-19 01:42:33', 8, 4, 8, 7),
(48, '2023-12-30 09:46:44', 9, 6, 13, 8),
(49, '2024-05-08 11:24:53', 1, 7, 2, 9),
(50, '2024-03-22 10:56:38', 9, 9, 5, 10),
(51, '2024-06-28 16:01:46', 9, 3, 11, 11),
(52, '2024-10-16 00:03:02', 0, 1, 1, 12),
(53, '2024-09-22 23:36:51', 9, 7, 2, 13),
(54, '2024-11-11 21:18:06', 0, 9, 13, 14),
(55, '2024-09-04 09:54:54', 4, 8, 17, 15),
(56, '2024-01-13 16:23:52', 9, 7, 4, 16),
(57, '2024-03-27 15:30:13', 0, 7, 15, 17),
(58, '2024-06-22 01:25:00', 6, 7, 12, 18),
(59, '2024-08-22 17:00:40', 7, 3, 13, 19),
(60, '2024-09-26 14:16:56', 4, 3, 16, 20),
(61, '2024-09-25 07:34:27', 5, 3, 14, 1),
(62, '2024-08-14 14:08:36', 4, 5, 7, 2),
(63, '2024-07-23 15:55:11', 0, 4, 4, 3),
(64, '2023-12-12 22:53:52', 6, 5, 7, 4),
(65, '2024-02-10 05:24:27', 3, 7, 11, 5),
(66, '2024-10-15 17:56:35', 8, 4, 16, 6),
(67, '2024-07-28 12:44:08', 7, 9, 8, 7),
(68, '2023-11-22 13:28:10', 0, 1, 14, 8),
(69, '2024-09-06 01:02:44', 1, 9, 14, 9),
(70, '2023-11-30 21:07:05', 9, 0, 20, 10),
(71, '2024-04-24 05:09:26', 6, 4, 8, 11),
(72, '2024-05-09 22:29:28', 0, 3, 5, 12),
(73, '2024-09-07 17:14:32', 1, 6, 18, 13),
(74, '2024-10-12 12:31:04', 8, 0, 5, 14),
(75, '2024-06-18 14:38:07', 8, 8, 10, 15),
(76, '2024-11-12 07:40:15', 5, 6, 11, 16),
(77, '2024-10-02 11:51:06', 2, 1, 9, 17),
(78, '2024-08-23 08:31:47', 6, 6, 3, 18),
(79, '2024-04-29 06:05:07', 4, 3, 18, 19),
(80, '2024-08-15 16:07:13', 3, 8, 1, 20),
(81, '2024-01-16 19:46:19', 1, 3, 20, 1),
(82, '2024-04-14 06:04:15', 0, 3, 13, 2),
(83, '2024-09-20 06:44:44', 1, 2, 8, 3),
(84, '2024-07-21 16:35:19', 0, 3, 5, 4),
(85, '2024-04-14 00:33:19', 8, 9, 17, 5),
(86, '2024-06-04 00:44:01', 4, 2, 13, 6),
(87, '2024-02-01 14:38:04', 4, 6, 11, 7),
(88, '2023-12-15 10:15:15', 1, 8, 12, 8),
(89, '2024-03-12 06:26:09', 1, 3, 17, 9),
(90, '2024-05-18 07:34:18', 8, 8, 20, 10),
(91, '2023-11-28 16:52:40', 3, 0, 6, 11),
(92, '2024-01-28 08:18:05', 4, 5, 11, 12),
(93, '2024-11-07 23:13:50', 3, 7, 3, 13),
(94, '2024-07-01 15:26:50', 2, 4, 14, 14),
(95, '2023-12-28 14:45:18', 7, 1, 4, 15),
(96, '2023-12-01 01:03:52', 4, 6, 16, 16),
(97, '2024-11-05 07:41:12', 1, 8, 20, 17),
(98, '2024-10-10 00:49:20', 1, 0, 18, 18),
(99, '2024-08-23 07:30:43', 8, 3, 15, 19),
(100, '2024-09-22 19:04:18', 5, 5, 3, 20);

-- Teams Match
INSERT INTO teams_match (matchID, teamAlpha, teamBeta)
VALUES
(4, 7, 8),
(5, 9, 10),
(6, 11, 12),
(7, 13, 14),
(8, 15, 16),
(12, 2, 4),
(13, 5, 7),
(14, 6, 8),
(15, 9, 11),
(16, 10, 12),
(20, 18, 20),
(24, 1, 2),
(25, 2, 10),
(26, 3, 12),
(27, 4, 13),
(28, 5, 16),
(32, 1, 4),
(33, 2, 7),
(34, 3, 8),
(35, 4, 15),
(36, 10, 12),
(40, 3, 20),
(44, 12, 8),
(45, 11, 1),
(46, 11, 13),
(47, 11, 14),
(48, 11, 17),
(52, 2, 5),
(53, 5, 7),
(54, 7, 8),
(55, 14, 1),
(56, 14, 12),
(60, 14, 2),
(64, 17, 8),
(65, 19, 10),
(66, 11, 12),
(67, 18, 4),
(68, 15, 6),
(72, 12, 4),
(73, 15, 7),
(74, 16, 8),
(75, 19, 19),
(76, 10, 19),
(80, 18, 9),
(84, 17, 8),
(85, 11, 10),
(86, 1, 6),
(87, 1, 7),
(88, 1, 8),
(92, 2, 9),
(93, 5, 7),
(94, 6, 8),
(95, 9, 11),
(96, 10, 12),
(100, 18, 20);

-- Individuals Match
INSERT INTO individuals_match (matchID, playerAlpha, playerBeta)
VALUES
(1, 1, 2),
(2, 6, 7),
(3, 15, 12),
(9, 1, 7),
(10, 1, 95),
(11, 15, 17),
(17, 40, 95),
(18, 53, 95),
(19, 3, 91),
(21, 6, 2),
(22, 46, 7),
(23, 89, 8),
(29, 1, 7),
(30, 1, 18),
(31, 11, 73),
(37, 41, 69),
(38, 77, 1),
(39, 91, 2),
(41, 6, 2),
(42, 3, 7),
(43, 3, 8),
(49, 3, 7),
(50, 8, 18),
(51, 8, 73),
(57, 8, 69),
(58, 10, 93),
(59, 10, 60),
(61, 10, 2),
(62, 61, 15),
(63, 76, 15),
(69, 20, 15),
(70, 21, 15),
(71, 20, 15),
(77, 21, 15),
(78, 29, 83),
(79, 30, 83),
(81, 25, 81),
(82, 25, 37),
(83, 25, 30),
(89, 1, 45),
(90, 1, 44),
(91, 53, 42),
(97, 53, 41),
(98, 53, 82),
(99, 53, 82);





